,Sequences,PAM30,BLOSUM45,RRM_SN,RRM_Corr,jaro_winkler,needleman_wunsch,smith_waterman,levenshtein,NUM_Seq,EIIP_Seq,FNS_Seq,sseq_matches,sseq_match_score,num_matches,num_match_score
138,INNDCQNFIGNR,0.3592233009708738,0.3695652173913043,5.456637245362314,0.6861274111428914,0.4444444444444444,0.5416666666666666,0.08333333333333337,0.08333333333333337,122572201426,"[0.0, 0.0036, 0.0036, 0.1263, 0.0829, 0.0761, 0.0036, 0.0946, 0.0, 0.005, 0.0036, 0.0959]","['Hydrophobic', 'Polar', 'Polar', 'Charge (-)', 'Excluded', 'Polar', 'Polar', 'Aromatic', 'Hydrophobic', 'Glycine', 'Polar', 'Charge (+)']","[('I', 0)]",2,"[('1', 0), ('22', 5)]",5
1042,VPLRPEEDELID,0.4854368932038835,0.5217391304347826,5.42285296638213,0.646010711733165,0.5,0.5416666666666666,0.08333333333333337,0.08333333333333337,131635555115,"[0.0057, 0.0198, 0.0, 0.0959, 0.0198, 0.0058, 0.0058, 0.1263, 0.0058, 0.0, 0.0, 0.1263]","['Hydrophobic', 'Proline', 'Hydrophobic', 'Charge (+)', 'Proline', 'Charge (-)', 'Charge (-)', 'Charge (-)', 'Charge (-)', 'Hydrophobic', 'Hydrophobic', 'Charge (-)']","[('D', 7)]",2,"[('1', 0), ('1', 2), ('5', 7)]",6
769,LNSLDGAGFGFE,0.6116504854368933,0.5434782608695652,5.418317823898431,0.8864241581502166,0.4444444444444444,0.5,0.0,0.0,122154140405,"[0.0, 0.0036, 0.0829, 0.0, 0.1263, 0.005, 0.0373, 0.005, 0.0946, 0.005, 0.0946, 0.0058]","['Hydrophobic', 'Polar', 'Polar', 'Hydrophobic', 'Charge (-)', 'Glycine', 'Hydrophobic', 'Glycine', 'Aromatic', 'Glycine', 'Aromatic', 'Charge (-)']",[],0,"[('1', 0), ('5', 4), ('0', 8)]",6
7,RSFGCRFGTCTV,0.3592233009708738,0.19565217391304346,5.392187273593311,0.6378136240760031,0.2777777777777777,0.5,0.0,0.0,620476042721,"[0.0959, 0.0829, 0.0946, 0.005, 0.0829, 0.0959, 0.0946, 0.005, 0.0941, 0.0829, 0.0941, 0.0057]","['Charge (+)', 'Polar', 'Aromatic', 'Glycine', 'Excluded', 'Charge (+)', 'Aromatic', 'Glycine', 'Polar', 'Excluded', 'Polar', 'Hydrophobic']",[],0,"[('2', 10)]",2
1402,SSGGGDGSGMWF,0.4271844660194175,0.28260869565217384,5.275090890134275,0.7808089209884517,0.5555555555555555,0.5,0.0,0.0,224445424100,"[0.0829, 0.0829, 0.005, 0.005, 0.005, 0.1263, 0.005, 0.0829, 0.005, 0.0823, 0.0548, 0.0946]","['Polar', 'Polar', 'Glycine', 'Glycine', 'Glycine', 'Charge (-)', 'Glycine', 'Polar', 'Glycine', 'Hydrophobic', 'Aromatic', 'Aromatic']",[],0,"[('0', 11)]",2
