,peaks,SNR,corrcoef
count,1612.0,1612.0,1612.0
mean,3.1978908188585606,1.8151595404464194,0.4127922764415679
std,1.3281727012180333,7.03653007720413,0.25522370296102825
min,1.0,3.0045410030589683e-05,0.0008715678518337499
25%,1.0,0.12866118003599442,0.21494498413970706
50%,4.0,0.38589598344793147,0.38728934191107706
75%,4.0,1.3269331599878647,0.5726151760683285
max,4.0,223.01434915005012,0.9963788679043257
