,peaks,SNR,corrcoef
count,1612.0,1612.0,1612.0
mean,2.8939205955334986,3.4251728176590004,0.4013117495713397
std,1.634676303782459,5.88161806226188,0.2464274596993204
min,0.0,0.00013587822135832802,0.0006034971381965038
25%,1.0,0.4975055304856182,0.20501520736382928
50%,4.0,1.369518553703173,0.3818140323845183
75%,4.0,4.113291499090651,0.5892780261579065
max,4.0,70.39241061059455,0.989276890831054
