,Sequences,PAM30,BLOSUM45,RRM_SN,RRM_Corr,jaro_winkler,needleman_wunsch,smith_waterman,levenshtein,NUM_Seq,EIIP_Seq,FNS_Seq,sseq_matches,sseq_match_score,num_matches,num_match_score
801,PQNWNKLNSLWG,0.23300970873786414,0.1739130434782608,4.762032673850418,0.2504101509266384,0.38888888888888884,0.5,0.0,0.0,322026122104,"[0.0198, 0.0761, 0.0036, 0.0548, 0.0036, 0.0371, 0.0, 0.0036, 0.0829, 0.0, 0.0548, 0.005]","['Proline', 'Polar', 'Polar', 'Aromatic', 'Polar', 'Charge (+)', 'Hydrophobic', 'Polar', 'Polar', 'Hydrophobic', 'Aromatic', 'Glycine']",[],0,[],0
623,SGLMSEGSSLEA,0.3980582524271845,0.3478260869565217,4.562716993993713,0.5248610325998756,0.4722222222222221,0.5,0.08333333333333337,0.08333333333333337,241125422151,"[0.0829, 0.005, 0.0, 0.0823, 0.0829, 0.0058, 0.005, 0.0829, 0.0829, 0.0, 0.0058, 0.0373]","['Polar', 'Glycine', 'Hydrophobic', 'Hydrophobic', 'Polar', 'Charge (-)', 'Glycine', 'Polar', 'Polar', 'Hydrophobic', 'Charge (-)', 'Hydrophobic']",[],0,"[('1', 2), ('5', 10)]",4
586,SKYVSKQKFYSW,0.6116504854368933,0.6304347826086956,4.437352076260492,0.9313004038457761,0.4722222222222221,0.5,0.08333333333333337,0.08333333333333337,260126260020,"[0.0829, 0.0371, 0.0516, 0.0057, 0.0829, 0.0371, 0.0761, 0.0371, 0.0946, 0.0516, 0.0829, 0.0548]","['Polar', 'Charge (+)', 'Aromatic', 'Hydrophobic', 'Polar', 'Charge (+)', 'Polar', 'Charge (+)', 'Aromatic', 'Aromatic', 'Polar', 'Aromatic']",[],0,"[('2', 6), ('0', 8), ('0', 11)]",6
221,NSLLGIPKVMND,0.4271844660194175,0.28260869565217384,4.333599656410838,0.7051330983481688,0.38888888888888884,0.5,0.0,0.0,221141361125,"[0.0036, 0.0829, 0.0, 0.0, 0.005, 0.0, 0.0198, 0.0371, 0.0057, 0.0823, 0.0036, 0.1263]","['Polar', 'Polar', 'Hydrophobic', 'Hydrophobic', 'Glycine', 'Hydrophobic', 'Proline', 'Charge (+)', 'Hydrophobic', 'Hydrophobic', 'Polar', 'Charge (-)']",[],0,"[('1', 2)]",2
217,NSILGLPKVMND,0.4563106796116505,0.3260869565217391,4.333599656410838,0.7051330983481688,0.38888888888888884,0.5,0.0,0.0,221141361125,"[0.0036, 0.0829, 0.0, 0.0, 0.005, 0.0, 0.0198, 0.0371, 0.0057, 0.0823, 0.0036, 0.1263]","['Polar', 'Polar', 'Hydrophobic', 'Hydrophobic', 'Glycine', 'Hydrophobic', 'Proline', 'Charge (+)', 'Hydrophobic', 'Hydrophobic', 'Polar', 'Charge (-)']",[],0,"[('1', 2)]",2
