Peptide,Similarity score
LRSFGCRFGTCT,51.25438797787034
VRYRQCYFNPIS,16.434804071818125
IRYRQCYFNPIS,18.731178884145233
VRFRQCYFNPIS,14.52711858018724
VRYRQCYFNPIS,16.434804071818125
VRFRQCYFNPIS,14.52711858018724
VRFRQCYFNPIS,14.52711858018724
NYWRQCAFNAVS,12.122295125736345
PEASLTGGQSLS,12.326077513332592
EMIFGAPMWALG,15.264250050978797
LQPGGSPALTKI,14.079732545397027
LQPGGSPALTKI,14.079732545397027
GSAKVAFSATRS,15.690209636668424
GEDDPDRSMKLS,13.493388866213072
GEDDPDRSMKLS,13.493388866213072
NPENDTPFGTMR,16.487880602404516
NSKYVSKQKFYS,11.815350003675235
ADQDLSPSISIV,12.652278998382013
ADQDLSPSISIV,12.652278998382013
ADQDLSPSISIV,12.652278998382013
ADQDLSPSISIV,12.652278998382013
IFLPGSVILRAL,30.03532296312581
LARTGDLPVREQ,12.228203508635136
LARTGDLPIRGQ,11.770874690251945
ALNSLDGAGFGF,12.661615092833093
PYDRISSSAFSD,12.8195319829302
VPLRPEEDELID,25.280161817327848
GFIGVRKSARKW,14.226052438964091
ILKSQSLIPFPR,16.391648682391764
GSYKMSHFRWSS,11.626037452958519
AGGTGANSAMWF,12.7946305387616
EDYDERPYMQPF,18.823441687886238
GPPDPNKFIGLM,13.341673553994404
LRSFGCRFGTCT,51.25438797787034
